{
  "players": [
    {
      "id": "1",
      "total_money": 300,
      "dealer": false,
      "ai": false,
      "current_turn": true
    },
    {
      "id": "2",
      "total_money": 300,
      "dealer": true,
      "ai": true,
      "current_turn": false
    },
    {
      "id": "3",
      "total_money": 300,
      "dealer": false,
      "ai": true,
      "current_turn": false
    },
    {
      "id": "4",
      "total_money": 300,
      "dealer": false,
      "ai": true,
      "current_turn": false
    }
  ]
}
